,location,Radius,covered_nodes,Total_nodes_covered
0,"[37.97646332433659, -38.46757470975233]",142.79651025271386,"['J16', 'J17', 'J18', 'J26', 'J27', 'J28', 'J29', 'J32', 'J33', 'J34', 'J36', 'J42', 'J43', 'J47', 'J48', 'J61']",16
1,"[176.38580156885092, 165.18252080013835]",144.53503494230029,"['J19', 'J20', 'J23', 'J25', 'J3', 'J30', 'J31', 'J37', 'J39', 'J40', 'J50', 'J51', 'J52', 'J54', 'J57', 'J6']",16
2,"[-142.93937851625424, -50.513493372828]",138.04094170672155,"['J10', 'J11', 'J12', 'J13', 'J14', 'J15', 'J18', 'J34', 'J44', 'J48', 'J49', 'J58', 'J59', 'J60', 'J7', 'J8', 'J9']",17
3,"[-75.74873275770133, 178.62978087759706]",143.30045743116273,"['J0', 'J1', 'J16', 'J2', 'J3', 'J35', 'J4', 'J46', 'J5', 'J50', 'J53', 'J55', 'J57']",13
4,"[192.2016340119214, -50.020568360339794]",143.6114107260721,"['J19', 'J20', 'J21', 'J22', 'J23', 'J24', 'J25', 'J28', 'J29', 'J31', 'J32', 'J33', 'J38', 'J41', 'J43', 'J61']",16
