,location,Radius,covered_nodes,Total_nodes_covered
0,"[30.641496409026765, 30.874485919593845]",129.00383570760494,"['J0', 'J1', 'J16', 'J17', 'J18', 'J2', 'J25', 'J26', 'J27', 'J28', 'J29', 'J3', 'J30', 'J32', 'J34', 'J4', 'J6', 'J61']",18
1,"[-85.82211012491162, 151.74006209284732]",142.10504564928948,"['J0', 'J1', 'J16', 'J17', 'J2', 'J3', 'J35', 'J4', 'J46', 'J5', 'J50', 'J55', 'J57', 'J7', 'J9']",15
2,"[163.87658105620378, 197.70552139855613]",142.13495693565005,"['J25', 'J3', 'J30', 'J31', 'J39', 'J40', 'J50', 'J51', 'J52', 'J53', 'J54', 'J57', 'J6']",13
3,"[-149.74245154784282, -67.96466810827053]",141.34823316479896,"['J10', 'J11', 'J12', 'J13', 'J14', 'J15', 'J18', 'J34', 'J44', 'J48', 'J49', 'J58', 'J59', 'J60', 'J7', 'J8', 'J9']",17
4,"[99.8568420952306, -137.49302022769194]",140.92916235845425,"['J21', 'J22', 'J28', 'J29', 'J32', 'J33', 'J36', 'J41', 'J42', 'J43', 'J47', 'J48', 'J61']",13
5,"[269.88765068941535, 19.8039872639319]",141.3608657241281,"['J19', 'J20', 'J21', 'J22', 'J23', 'J24', 'J25', 'J31', 'J32', 'J37', 'J38']",11
