,location,Radius,covered_nodes,Total_nodes_covered
0,"[461.48114687737745, -3.083813485931529]",238.1381278773859,"['J11', 'J12', 'J13', 'J14', 'J16', 'J17', 'J18', 'J19', 'J20', 'J21', 'J22', 'J23', 'J24', 'J25', 'J26', 'J28', 'J29', 'J36', 'J41', 'J43', 'J44', 'J49', 'J50', 'J51', 'J52', 'J54', 'J55', 'J57', 'J58', 'J62', 'J63', 'J64', 'J65', 'J67', 'J68', 'J71']",36
1,"[202.2792218377954, 132.09705876715654]",232.06210042139892,"['J0', 'J1', 'J10', 'J11', 'J12', 'J13', 'J14', 'J15', 'J16', 'J17', 'J18', 'J19', 'J2', 'J3', 'J31', 'J37', 'J38', 'J4', 'J45', 'J5', 'J52', 'J53', 'J6', 'J60', 'J61', 'J66', 'J67', 'J68', 'J7', 'J70', 'J71', 'J8', 'J9']",33
2,"[162.3709919643034, -110.27294703882082]",223.46791959328354,"['J1', 'J10', 'J15', 'J16', 'J17', 'J18', 'J19', 'J28', 'J29', 'J30', 'J31', 'J32', 'J33', 'J34', 'J35', 'J37', 'J38', 'J39', 'J40', 'J42', 'J45', 'J46', 'J47', 'J48', 'J56', 'J59', 'J69', 'J71', 'J8', 'J9']",30
