,location,Radius,covered_nodes,Total_nodes_covered
0,"[-1126.9812297279652, -873.1952203704247]",350.56985065112065,"['J154', 'J155', 'J156', 'J157', 'J158', 'J160', 'J161', 'J162', 'J163', 'J164', 'J166', 'J179', 'J180', 'J182', 'J190', 'J191', 'J192', 'J193', 'J201', 'J204', 'J205', 'J206', 'J208', 'J209', 'J210', 'J211', 'J226', 'J227', 'J228', 'J229', 'J230', 'J235', 'J236', 'J243', 'J244', 'J245', 'J250', 'J251', 'J252']",39
1,"[-994.0533354038522, -1194.2781871173133]",307.325869149797,"['J157', 'J158', 'J160', 'J180', 'J182', 'J200', 'J201', 'J204', 'J205', 'J206', 'J208', 'J209', 'J210', 'J211', 'J212', 'J226', 'J227', 'J228', 'J229', 'J230', 'J234', 'J235', 'J245', 'J246', 'J250']",25
2,"[-707.850953446597, -923.435]",389.52108169156566,"['J157', 'J158', 'J160', 'J161', 'J162', 'J163', 'J164', 'J165', 'J166', 'J167', 'J168', 'J169', 'J170', 'J171', 'J172', 'J173', 'J174', 'J180', 'J182', 'J183', 'J184', 'J185', 'J186', 'J187', 'J199', 'J200', 'J209', 'J212', 'J213', 'J214', 'J215', 'J216', 'J222', 'J223', 'J224', 'J225', 'J226', 'J227', 'J228', 'J229', 'J230', 'J231', 'J232', 'J233', 'J234', 'J235', 'J236', 'J241', 'J245', 'J247', 'J248', 'J249', 'J250', 'J251', 'J252']",55
3,"[-1507.1152473628445, -976.7496762164401]",329.23945549220105,"['J152', 'J153', 'J154', 'J155', 'J156', 'J179', 'J192', 'J193', 'J194', 'J195', 'J201', 'J202', 'J203', 'J205', 'J206', 'J211', 'J243']",17
4,"[-228.82164601160034, -961.9448509560768]",398.1703583774678,"['J171', 'J172', 'J173', 'J174', 'J175', 'J176', 'J178', 'J185', 'J186', 'J187', 'J188', 'J189', 'J196', 'J197', 'J198', 'J199', 'J213', 'J214', 'J215', 'J217', 'J218', 'J219', 'J220', 'J221', 'J222', 'J223', 'J224', 'J225', 'J233', 'J237', 'J239', 'J240', 'J241', 'J242', 'J247', 'J248', 'J249']",37
